{
  "classification": {
    "dummy": {
      "0_precision": 0.9826388888888888,
      "0_recall": 1.0,
      "0_f1-score": 0.9912434325744308,
      "0_support": 8490.0,
      "1_precision": 0.0,
      "1_recall": 0.0,
      "1_f1-score": 0.0,
      "1_support": 150.0,
      "accuracy": 0.9826388888888888,
      "macro avg_precision": 0.4913194444444444,
      "macro avg_recall": 0.5,
      "macro avg_f1-score": 0.4956217162872154,
      "macro avg_support": 8640.0,
      "weighted avg_precision": 0.96557918595679,
      "weighted avg_recall": 0.9826388888888888,
      "weighted avg_f1-score": 0.974034345203347,
      "weighted avg_support": 8640.0,
      "roc_auc": 0.5,
      "average_precision": 0.017361111111111112,
      "precision_failure": 0.0,
      "recall_failure": 0.0,
      "f1_failure": 0.0,
      "threshold": 0.5
    },
    "logreg": {
      "0_precision": 0.9975354282193469,
      "0_recall": 0.9534746760895171,
      "0_f1-score": 0.9750075278530563,
      "0_support": 8490.0,
      "1_precision": 0.24761904761904763,
      "1_recall": 0.8666666666666667,
      "1_f1-score": 0.3851851851851852,
      "1_support": 150.0,
      "accuracy": 0.9519675925925926,
      "macro avg_precision": 0.6225772379191973,
      "macro avg_recall": 0.9100706713780919,
      "macro avg_f1-score": 0.6800963565191207,
      "macro avg_support": 8640.0,
      "weighted avg_precision": 0.9845160466117029,
      "weighted avg_recall": 0.9519675925925926,
      "weighted avg_f1-score": 0.9647675566261836,
      "weighted avg_support": 8640.0,
      "roc_auc": 0.9831919905771496,
      "average_precision": 0.4706162239410205,
      "precision_failure": 0.24761904761904763,
      "recall_failure": 0.8666666666666667,
      "f1_failure": 0.3851851851851852,
      "threshold": 0.8356378806893109
    },
    "rf": {
      "0_precision": 0.9991526449582375,
      "0_recall": 0.9722025912838633,
      "0_f1-score": 0.9854934033789028,
      "0_support": 8490.0,
      "1_precision": 0.37730870712401055,
      "1_recall": 0.9533333333333334,
      "1_f1-score": 0.5406427221172023,
      "1_support": 150.0,
      "accuracy": 0.971875,
      "macro avg_precision": 0.6882306760411241,
      "macro avg_recall": 0.9627679623085983,
      "macro avg_f1-score": 0.7630680627480526,
      "macro avg_support": 8640.0,
      "weighted avg_precision": 0.9883567432597264,
      "weighted avg_recall": 0.971875,
      "weighted avg_f1-score": 0.9777703012736649,
      "weighted avg_support": 8640.0,
      "roc_auc": 0.9862669807616804,
      "average_precision": 0.4139941662451941,
      "precision_failure": 0.37730870712401055,
      "recall_failure": 0.9533333333333334,
      "f1_failure": 0.5406427221172023,
      "threshold": 0.1875
    },
    "extra_trees": {
      "0_precision": 1.0,
      "0_recall": 0.9217903415783274,
      "0_f1-score": 0.959303750919343,
      "0_support": 8490.0,
      "1_precision": 0.18427518427518427,
      "1_recall": 1.0,
      "1_f1-score": 0.3112033195020747,
      "1_support": 150.0,
      "accuracy": 0.9231481481481482,
      "macro avg_precision": 0.5921375921375921,
      "macro avg_recall": 0.9608951707891638,
      "macro avg_f1-score": 0.6352535352107088,
      "macro avg_support": 8640.0,
      "weighted avg_precision": 0.9858381108381109,
      "weighted avg_recall": 0.9231481481481482,
      "weighted avg_f1-score": 0.9480520073183487,
      "weighted avg_support": 8640.0,
      "roc_auc": 0.9784358068315665,
      "average_precision": 0.34164604273576327,
      "precision_failure": 0.18427518427518427,
      "recall_failure": 1.0,
      "f1_failure": 0.3112033195020747,
      "threshold": 0.12
    }
  },
  "regression": {
    "dummy_rul": {
      "mae": 415.92112029408645,
      "rmse": 428.05591585484865,
      "r2": -16.891135832497934,
      "nasa_score": 1.8387033214369516e+22,
      "critical_zone_mae": 532.2656798795787
    },
    "rf_rul": {
      "mae": 129.10190502941765,
      "rmse": 149.38657107891837,
      "r2": -1.179014015708486,
      "nasa_score": 6.822379487139815e+16,
      "critical_zone_mae": 172.34026108383665
    },
    "extra_trees_rul": {
      "mae": 120.82720495442918,
      "rmse": 140.51214974390427,
      "r2": -0.9278119253286143,
      "nasa_score": 3.9275307058432525e+24,
      "critical_zone_mae": 187.67406539780097
    }
  }
}